eval,fitness,chem,dyn
1,0.989219,1.000000,0.973048
2,0.999601,1.000000,0.999003
3,0.993165,1.000000,0.982911
4,0.997199,1.000000,0.992996
5,0.705197,0.520000,0.982992
6,0.998514,1.000000,0.996284
7,0.852364,1.000000,0.630911
8,0.975891,1.000000,0.939727
9,0.687031,0.520000,0.937578
10,0.554337,0.259259,0.996954
11,0.999460,1.000000,0.998649
12,0.709107,0.520000,0.992767
13,0.993593,1.000000,0.983983
14,0.703036,0.520000,0.977590
15,0.911740,1.000000,0.779349
16,0.973911,1.000000,0.934778
17,0.604557,0.520000,0.731393
18,0.993265,1.000000,0.983164
19,0.999775,1.000000,0.999437
20,0.999391,1.000000,0.998477
21,0.906279,1.000000,0.765697
22,0.913128,1.000000,0.782821
23,0.998419,1.000000,0.996046
24,0.994721,1.000000,0.986803
25,0.689478,0.520000,0.943694
26,0.555230,0.259259,0.999187
27,0.997020,1.000000,0.992550
28,0.935326,1.000000,0.838315
29,0.990663,1.000000,0.976657
30,0.900020,1.000000,0.750049
31,0.999548,1.000000,0.998869
32,0.999531,1.000000,0.998828
33,0.895152,1.000000,0.737880
34,0.546359,0.259259,0.977009
35,0.954606,1.000000,0.886516
36,0.908685,1.000000,0.771712
37,0.972591,1.000000,0.931478
38,0.990537,1.000000,0.976343
39,0.895831,1.000000,0.739576
40,0.967931,1.000000,0.919829
41,0.928243,1.000000,0.820608
42,0.999007,1.000000,0.997519
43,0.674084,0.464286,0.988782
44,0.547952,0.259259,0.980992
45,0.609678,0.520000,0.744195
46,0.711276,0.520000,0.998191
47,0.855959,1.000000,0.639897
48,0.999884,1.000000,0.999711
49,0.993744,1.000000,0.984359
50,0.998878,1.000000,0.997194
51,0.911872,1.000000,0.779679
52,0.908704,1.000000,0.771760
53,0.890837,1.000000,0.727092
54,0.999643,1.000000,0.999106
55,0.904227,1.000000,0.760567
56,0.562300,0.520000,0.625750
57,0.990926,1.000000,0.977315
58,0.890497,1.000000,0.726242
59,0.990962,1.000000,0.977404
60,0.999536,1.000000,0.998839
61,0.842461,1.000000,0.606153
62,0.485258,0.259259,0.824256
63,0.999358,1.000000,0.998395
64,0.999456,1.000000,0.998640
65,0.998689,1.000000,0.996723
66,0.998049,1.000000,0.995122
67,0.989674,1.000000,0.974184
68,0.999820,1.000000,0.999551
69,0.998564,1.000000,0.996410
70,0.985218,1.000000,0.963046
71,0.996011,1.000000,0.990027
72,0.913801,1.000000,0.784503
73,0.999542,1.000000,0.998854
74,0.903261,1.000000,0.758153
75,0.552944,0.259259,0.993471
76,0.999304,1.000000,0.998259
77,0.999856,1.000000,0.999639
78,0.999787,1.000000,0.999467
79,0.555176,0.259259,0.999052
80,0.997858,1.000000,0.994645
81,0.996436,1.000000,0.991091
82,0.711361,0.520000,0.998402
83,0.899777,1.000000,0.749443
84,0.992896,1.000000,0.982240
85,0.948129,1.000000,0.870323
86,0.987097,1.000000,0.967742
87,0.678293,0.464286,0.999303
88,0.991096,1.000000,0.977739
89,0.996920,1.000000,0.992301
90,0.899537,1.000000,0.748842
91,0.997366,1.000000,0.993415
92,0.902501,1.000000,0.756252
93,0.531762,0.259259,0.940515
94,0.997956,1.000000,0.994891
95,0.999312,1.000000,0.998279
96,0.999302,1.000000,0.998255
97,0.991633,1.000000,0.979081
98,0.999109,1.000000,0.997773
99,0.969218,1.000000,0.923045
100,0.999267,1.000000,0.998167
101,0.905271,1.000000,0.763178
102,0.994683,1.000000,0.986708
103,0.998177,1.000000,0.995442
104,0.903743,1.000000,0.759356
105,0.899190,1.000000,0.747975
106,0.995132,1.000000,0.987831
107,0.999525,1.000000,0.998813
108,0.999061,1.000000,0.997653
109,0.546519,0.259259,0.977408
110,0.999557,1.000000,0.998893
111,0.997355,1.000000,0.993389
112,0.999200,1.000000,0.998001
113,0.707617,0.520000,0.989042
114,0.546127,0.259259,0.976430
115,0.996835,1.000000,0.992086
116,0.898506,1.000000,0.746265
117,0.953155,1.000000,0.882887
118,0.999904,1.000000,0.999759
119,0.986004,1.000000,0.965009
120,0.457069,0.259259,0.753783
121,0.997546,1.000000,0.993865
122,0.917094,1.000000,0.792735
123,0.998336,1.000000,0.995841
124,0.711788,0.520000,0.999469
125,0.991409,1.000000,0.978521
126,0.999661,1.000000,0.999154
127,0.983315,1.000000,0.958288
128,0.994431,1.000000,0.986076
129,0.998870,1.000000,0.997176
130,0.577879,0.448276,0.772283
131,0.875565,1.000000,0.688913
132,0.907105,1.000000,0.767763
133,0.648319,0.520000,0.840797
134,0.998230,1.000000,0.995575
135,0.554865,0.259259,0.998272
136,0.997916,1.000000,0.994789
137,0.899844,1.000000,0.749611
138,0.999125,1.000000,0.997812
139,0.999589,1.000000,0.998973
140,0.912781,1.000000,0.781952
141,0.999627,1.000000,0.999067
142,0.709716,0.520000,0.994289
143,0.909234,1.000000,0.773086
144,0.987102,1.000000,0.967754
145,0.462328,0.259259,0.766932
146,0.551469,0.259259,0.989785
147,0.898423,1.000000,0.746058
148,0.667379,0.448276,0.996034
149,0.993452,1.000000,0.983629
150,0.998338,1.000000,0.995844
151,0.998989,1.000000,0.997472
152,0.999549,1.000000,0.998872
153,0.997731,1.000000,0.994327
154,0.913963,1.000000,0.784909
155,0.969962,1.000000,0.924905
156,0.991349,1.000000,0.978373
157,0.997867,1.000000,0.994668
158,0.999748,1.000000,0.999371
159,0.548352,0.259259,0.981992
160,0.675913,0.464286,0.993353
161,0.999845,1.000000,0.999614
162,0.902447,1.000000,0.756117
163,0.999233,1.000000,0.998084
164,0.710508,0.520000,0.996269
165,0.999686,1.000000,0.999215
166,0.999744,1.000000,0.999361
167,0.995180,1.000000,0.987950
168,0.998627,1.000000,0.996568
169,0.544554,0.259259,0.972497
170,0.999873,1.000000,0.999684
171,0.999919,1.000000,0.999797
172,0.997911,1.000000,0.994777
173,0.909107,1.000000,0.772766
174,0.914204,1.000000,0.785511
175,0.709967,0.520000,0.994918
176,0.975196,1.000000,0.937989
177,0.999815,1.000000,0.999538
178,0.999135,1.000000,0.997838
179,0.999847,1.000000,0.999617
180,0.999326,1.000000,0.998316
181,0.999417,1.000000,0.998541
182,0.999726,1.000000,0.999316
183,0.999897,1.000000,0.999742
184,0.912102,1.000000,0.780254
185,0.999673,1.000000,0.999183
186,0.910758,1.000000,0.776894
187,0.908385,1.000000,0.770963
188,0.991863,1.000000,0.979657
189,0.999896,1.000000,0.999739
190,0.999672,1.000000,0.999181
191,0.994781,1.000000,0.986953
192,0.999952,1.000000,0.999880
193,0.999249,1.000000,0.998124
194,0.548611,0.259259,0.982639
195,0.999561,1.000000,0.998903
196,0.998987,1.000000,0.997467
197,0.993678,1.000000,0.984195
198,0.554734,0.259259,0.997946
199,0.905307,1.000000,0.763267
200,0.995004,1.000000,0.987511
201,0.689398,0.520000,0.943494
202,0.910495,1.000000,0.776238
203,0.591506,0.464286,0.782336
204,0.993403,1.000000,0.983508
205,0.993313,1.000000,0.983283
206,0.554183,0.259259,0.996568
207,0.998957,1.000000,0.997392
208,0.999518,1.000000,0.998794
209,0.914109,1.000000,0.785273
210,0.998696,1.000000,0.996740
211,0.998065,1.000000,0.995164
212,0.711714,0.520000,0.999286
213,0.998908,1.000000,0.997270
214,0.994331,1.000000,0.985829
215,0.999321,1.000000,0.998301
216,0.904847,1.000000,0.762117
217,0.580598,0.448276,0.779081
218,0.984513,1.000000,0.961282
219,0.825323,1.000000,0.563308
220,0.709981,0.520000,0.994953
221,0.991394,1.000000,0.978485
222,0.998956,1.000000,0.997390
223,0.999736,1.000000,0.999341
224,0.668104,0.448276,0.997847
225,0.992995,1.000000,0.982488
226,0.998654,1.000000,0.996635
227,0.992880,1.000000,0.982200
228,0.911721,1.000000,0.779302
229,0.999547,1.000000,0.998868
230,0.999722,1.000000,0.999304
231,0.984363,1.000000,0.960908
232,0.455638,0.259259,0.750205
233,0.994986,1.000000,0.987464
234,0.998381,1.000000,0.995953
235,0.998206,1.000000,0.995515
236,0.998258,1.000000,0.995645
237,0.994323,1.000000,0.985808
238,0.998877,1.000000,0.997193
239,0.999884,1.000000,0.999709
240,0.999820,1.000000,0.999551
241,0.547568,0.259259,0.980032
242,0.902193,1.000000,0.755483
243,0.998014,1.000000,0.995034
244,0.999209,1.000000,0.998024
245,0.999542,1.000000,0.998855
246,0.999739,1.000000,0.999347
247,0.708026,0.520000,0.990064
248,0.668755,0.448276,0.999474
249,0.991136,1.000000,0.977840
250,0.900541,1.000000,0.751353
251,0.999337,1.000000,0.998342
252,0.554855,0.259259,0.998248
253,0.555400,0.259259,0.999611
254,0.911455,1.000000,0.778637
255,0.999971,1.000000,0.999926
256,0.999760,1.000000,0.999400
257,0.998655,1.000000,0.996637
258,0.996632,1.000000,0.991580
259,0.972976,1.000000,0.932441
260,0.526572,0.259259,0.927542
261,0.466010,0.259259,0.776136
262,0.999512,1.000000,0.998779
263,0.898325,1.000000,0.745814
264,0.994681,1.000000,0.986704
265,0.850428,1.000000,0.626071
266,0.999199,1.000000,0.997997
267,0.997473,1.000000,0.993682
268,0.994751,1.000000,0.986878
269,0.999576,1.000000,0.998940
270,0.624783,0.520000,0.781958
271,0.947703,1.000000,0.869256
272,0.998217,1.000000,0.995543
273,0.981755,1.000000,0.954389
274,0.998805,1.000000,0.997011
275,0.971213,1.000000,0.928032
276,0.899123,1.000000,0.747808
277,0.708405,0.520000,0.991013
278,0.994957,1.000000,0.987393
279,0.999529,1.000000,0.998822
280,0.555303,0.259259,0.999368
281,0.997794,1.000000,0.994486
282,0.626558,0.520000,0.786395
283,0.549625,0.259259,0.985173
284,0.999668,1.000000,0.999170
285,0.995766,1.000000,0.989416
286,0.552163,0.259259,0.991519
287,0.999485,1.000000,0.998712
288,0.570790,0.448276,0.754562
289,0.983492,1.000000,0.958729
290,0.547474,0.259259,0.979797
291,0.999547,1.000000,0.998869
292,0.913365,1.000000,0.783413
293,0.998879,1.000000,0.997197
294,0.998306,1.000000,0.995766
295,0.711700,0.520000,0.999249
296,0.999165,1.000000,0.997912
297,0.994045,1.000000,0.985112
298,0.600926,0.520000,0.722316
299,0.908948,1.000000,0.772371
300,0.905482,1.000000,0.763705
301,0.901677,1.000000,0.754191
302,0.992306,1.000000,0.980766
303,0.999689,1.000000,0.999223
304,0.554692,0.259259,0.997841
305,0.998900,1.000000,0.997250
306,0.995214,1.000000,0.988036
307,0.996268,1.000000,0.990670
308,0.711322,0.520000,0.998305
309,0.910977,1.000000,0.777442
310,0.552482,0.259259,0.992317
311,0.706422,0.520000,0.986056
312,0.711480,0.520000,0.998700
313,0.677450,0.464286,0.997195
314,0.998195,1.000000,0.995488
315,0.999245,1.000000,0.998113
316,0.830613,1.000000,0.576533
317,0.999389,1.000000,0.998472
318,0.999843,1.000000,0.999607
319,0.684805,0.520000,0.932011
320,0.671518,0.464286,0.982366
321,0.921087,1.000000,0.802717
322,0.999440,1.000000,0.998601
323,0.896483,1.000000,0.741208
324,0.998119,1.000000,0.995298
325,0.999875,1.000000,0.999687
326,0.676191,0.464286,0.994048
327,0.951729,1.000000,0.879322
328,0.953238,1.000000,0.883096
329,0.614181,0.520000,0.755451
330,0.992824,1.000000,0.982060
331,0.893060,1.000000,0.732650
332,0.711840,0.520000,0.999601
333,0.998953,1.000000,0.997383
334,0.913532,1.000000,0.783831
335,0.958350,1.000000,0.895875
336,0.999972,1.000000,0.999930
337,0.999932,1.000000,0.999829
338,0.999941,1.000000,0.999852
339,0.999433,1.000000,0.998582
340,0.911469,1.000000,0.778673
341,0.709665,0.520000,0.994162
342,0.911173,1.000000,0.777933
343,0.612226,0.520000,0.750564
344,0.941779,1.000000,0.854448
345,0.999122,1.000000,0.997804
346,0.461140,0.259259,0.763961
347,0.997239,1.000000,0.993099
348,0.973476,1.000000,0.933690
349,0.907140,1.000000,0.767851
350,0.998385,1.000000,0.995962
351,0.554169,0.259259,0.996533
352,0.532040,0.259259,0.941210
353,0.997071,1.000000,0.992678
354,0.996005,1.000000,0.990013
355,0.549569,0.259259,0.985034
356,0.905080,1.000000,0.762701
357,0.457125,0.259259,0.753924
358,0.909506,1.000000,0.773766
359,0.991390,1.000000,0.978475
360,0.994649,1.000000,0.986622
361,0.999097,1.000000,0.997743
362,0.571023,0.448276,0.755143
363,0.999417,1.000000,0.998542
364,0.999243,1.000000,0.998107
365,0.466390,0.259259,0.777086
366,0.900061,1.000000,0.750153
367,0.464055,0.259259,0.771248
368,0.995884,1.000000,0.989710
369,0.711669,0.520000,0.999172
370,0.998086,1.000000,0.995214
371,0.999597,1.000000,0.998993
372,0.996209,1.000000,0.990523
373,0.979378,1.000000,0.948445
374,0.905392,1.000000,0.763479
375,0.999664,1.000000,0.999159
376,0.998023,1.000000,0.995057
377,0.607954,0.520000,0.739885
378,0.999342,1.000000,0.998354
379,0.900701,1.000000,0.751753
380,0.998728,1.000000,0.996821
381,0.998615,1.000000,0.996538
382,0.999055,1.000000,0.997638
383,0.995228,1.000000,0.988070
384,0.857313,1.000000,0.643282
385,0.984435,1.000000,0.961087
386,0.918846,1.000000,0.797115
387,0.997738,1.000000,0.994344
388,0.998330,1.000000,0.995826
389,0.553383,0.259259,0.994569
390,0.677274,0.464286,0.996757
391,0.935725,1.000000,0.839311
392,0.910476,1.000000,0.776190
393,0.711371,0.520000,0.998426
394,0.999786,1.000000,0.999464
395,0.999827,1.000000,0.999567
396,0.711027,0.520000,0.997567
397,0.552068,0.259259,0.991282
398,0.994530,1.000000,0.986324
399,0.999237,1.000000,0.998092
400,0.999876,1.000000,0.999690
401,0.985276,1.000000,0.963190
402,0.886434,1.000000,0.716084
403,0.551425,0.259259,0.989674
404,0.617304,0.520000,0.763259
405,0.992844,1.000000,0.982111
406,0.999763,1.000000,0.999408
407,0.999618,1.000000,0.999046
408,0.997483,1.000000,0.993708
409,0.668179,0.448276,0.998033
410,0.993719,1.000000,0.984299
411,0.997535,1.000000,0.993839
412,0.999119,1.000000,0.997796
413,0.710779,0.520000,0.996949
414,0.832011,1.000000,0.580027
415,0.638462,0.448276,0.923740
416,0.997717,1.000000,0.994293
417,0.585565,0.464286,0.767484
418,0.996597,1.000000,0.991492
419,0.555116,0.259259,0.998902
420,0.996957,1.000000,0.992393
421,0.999676,1.000000,0.999190
422,0.902727,1.000000,0.756818
423,0.999952,1.000000,0.999879
424,0.710622,0.520000,0.996556
425,0.555405,0.259259,0.999623
426,0.711958,0.520000,0.999895
427,0.997031,1.000000,0.992578
428,0.998766,1.000000,0.996916
429,0.890240,1.000000,0.725600
430,0.998449,1.000000,0.996123
431,0.999685,1.000000,0.999213
432,0.711216,0.520000,0.998039
433,0.535969,0.259259,0.951033
434,0.927451,1.000000,0.818627
435,0.553182,0.259259,0.994065
436,0.540946,0.259259,0.963477
437,0.843761,1.000000,0.609403
438,0.999072,1.000000,0.997679
439,0.899133,1.000000,0.747833
440,0.884380,1.000000,0.710950
441,0.909692,1.000000,0.774230
442,0.965519,1.000000,0.913798
443,0.999080,1.000000,0.997701
444,0.999931,1.000000,0.999827
445,0.967672,1.000000,0.919179
446,0.902676,1.000000,0.756691
447,0.998725,1.000000,0.996812
448,0.905821,1.000000,0.764553
449,0.976694,1.000000,0.941735
450,0.902288,1.000000,0.755720
451,0.995411,1.000000,0.988527
452,0.462064,0.259259,0.766271
453,0.991186,1.000000,0.977966
454,0.998904,1.000000,0.997260
455,0.554790,0.259259,0.998087
456,0.666465,0.448276,0.993749
457,0.916665,1.000000,0.791661
458,0.997848,1.000000,0.994620
459,0.996870,1.000000,0.992176
460,0.999693,1.000000,0.999232
461,0.910846,1.000000,0.777114
462,0.994135,1.000000,0.985337
463,0.996738,1.000000,0.991846
464,0.710324,0.520000,0.995811
465,0.997457,1.000000,0.993643
466,0.999249,1.000000,0.998122
467,0.473877,0.259259,0.795803
468,0.999190,1.000000,0.997975
469,0.906709,1.000000,0.766771
470,0.553105,0.259259,0.993874
471,0.412450,0.259259,0.642237
472,0.555390,0.259259,0.999586
473,0.678352,0.464286,0.999452
474,0.999266,1.000000,0.998165
475,0.466984,0.259259,0.778571
476,0.999304,1.000000,0.998259
477,0.456053,0.259259,0.751243
478,0.998573,1.000000,0.996433
479,0.459705,0.259259,0.760373
480,0.844162,1.000000,0.610406
481,0.466566,0.259259,0.777526
482,0.990277,1.000000,0.975692
483,0.928675,1.000000,0.821689
484,0.999865,1.000000,0.999662
485,0.910684,1.000000,0.776710
486,0.912626,1.000000,0.781566
487,0.904457,1.000000,0.761142
488,0.677074,0.464286,0.996256
489,0.997605,1.000000,0.994013
490,0.530990,0.259259,0.938585
491,0.999796,1.000000,0.999491
492,0.999981,1.000000,0.999953
493,0.978109,1.000000,0.945273
494,0.523266,0.259259,0.919276
495,0.999535,1.000000,0.998839
496,0.992954,1.000000,0.982385
497,0.999917,1.000000,0.999793
498,0.710731,0.520000,0.996827
499,0.997362,1.000000,0.993406
500,0.920894,1.000000,0.802236
501,0.555203,0.259259,0.999118
502,0.997951,1.000000,0.994879
503,0.999558,1.000000,0.998894
504,0.999117,1.000000,0.997793
505,0.709586,0.520000,0.993965
506,0.662641,0.448276,0.984189
507,0.903982,1.000000,0.759954
508,0.553089,0.259259,0.993834
509,0.710890,0.520000,0.997226
510,0.844100,1.000000,0.610249
511,0.999540,1.000000,0.998850
512,0.998672,1.000000,0.996679
513,0.554675,0.259259,0.997798
514,0.668523,0.448276,0.998894
515,0.999807,1.000000,0.999518
516,0.916541,1.000000,0.791353
517,0.997367,1.000000,0.993416
518,0.999489,1.000000,0.998723
519,0.905421,1.000000,0.763552
520,0.997113,1.000000,0.992783
521,0.711563,0.520000,0.998908
522,0.994861,1.000000,0.987153
523,0.901694,1.000000,0.754235
524,0.999030,1.000000,0.997576
525,0.711807,0.520000,0.999517
526,0.909467,1.000000,0.773667
527,0.624119,0.520000,0.780297
528,0.998240,1.000000,0.995601
529,0.999922,1.000000,0.999806
530,0.446652,0.259259,0.727741
531,0.399976,0.259259,0.611052
532,0.999890,1.000000,0.999724
533,0.998211,1.000000,0.995527
534,0.990648,1.000000,0.976621
535,0.903354,1.000000,0.758385
536,0.676247,0.464286,0.994189
537,0.904396,1.000000,0.760991
538,0.968658,1.000000,0.921645
539,0.899127,1.000000,0.747817
540,0.996518,1.000000,0.991296
541,0.994186,1.000000,0.985464
542,0.710198,0.520000,0.995495
543,0.705068,0.520000,0.982670
544,0.957673,1.000000,0.894182
545,0.999832,1.000000,0.999579
546,0.957338,1.000000,0.893344
547,0.999539,1.000000,0.998847
548,0.999869,1.000000,0.999672
549,0.999894,1.000000,0.999734
550,0.997896,1.000000,0.994741
551,0.868827,1.000000,0.672067
552,0.998615,1.000000,0.996537
553,0.909189,1.000000,0.772972
554,0.996834,1.000000,0.992085
555,0.998742,1.000000,0.996855
556,0.999967,1.000000,0.999918
557,0.877185,1.000000,0.692961
558,0.631330,0.464286,0.881898
559,0.998934,1.000000,0.997334
560,0.995848,1.000000,0.989621
561,0.988973,1.000000,0.972433
562,0.455743,0.259259,0.750468
563,0.999102,1.000000,0.997755
564,0.834513,1.000000,0.586283
565,0.998690,1.000000,0.996725
566,0.710119,0.520000,0.995298
567,0.686462,0.520000,0.936156
568,0.898901,1.000000,0.747252
569,0.999585,1.000000,0.998964
570,0.999427,1.000000,0.998568
571,0.903091,1.000000,0.757727
572,0.999916,1.000000,0.999791
573,0.992367,1.000000,0.980917
574,0.997599,1.000000,0.993997
575,0.554503,0.259259,0.997368
576,0.999412,1.000000,0.998529
577,0.998467,1.000000,0.996167
578,0.997068,1.000000,0.992670
579,0.994617,1.000000,0.986543
580,0.894045,1.000000,0.735114
581,0.999604,1.000000,0.999009
582,0.393807,0.259259,0.595629
583,0.986959,1.000000,0.967397
584,0.997760,1.000000,0.994399
585,0.994501,1.000000,0.986254
586,0.995089,1.000000,0.987721
587,0.903105,1.000000,0.757762
588,0.973558,1.000000,0.933896
589,0.997603,1.000000,0.994008
590,0.711876,0.520000,0.999691
591,0.998526,1.000000,0.996316
592,0.979280,1.000000,0.948199
593,0.978860,1.000000,0.947150
594,0.706998,0.520000,0.987496
595,0.581188,0.448276,0.780555
596,0.867716,1.000000,0.669291
597,0.417206,0.259259,0.654127
598,0.613580,0.520000,0.753950
599,0.554998,0.259259,0.998607
600,0.912508,1.000000,0.781271
601,0.998014,1.000000,0.995034
602,0.996350,1.000000,0.990874
603,0.910358,1.000000,0.775894
604,0.677873,0.464286,0.998253
605,0.924619,1.000000,0.811548
606,0.992490,1.000000,0.981225
607,0.913416,1.000000,0.783540
608,0.913395,1.000000,0.783489
609,0.912145,1.000000,0.780363
610,0.553976,0.259259,0.996051
611,0.710522,0.520000,0.996304
612,0.961776,1.000000,0.904440
613,0.999358,1.000000,0.998394
614,0.998803,1.000000,0.997008
615,0.996341,1.000000,0.990852
616,0.709879,0.520000,0.994697
617,0.994438,1.000000,0.986094
618,0.663586,0.464286,0.962537
619,0.996174,1.000000,0.990435
620,0.995551,1.000000,0.988876
621,0.999592,1.000000,0.998979
622,0.999062,1.000000,0.997655
623,0.695047,0.520000,0.957618
624,0.895541,1.000000,0.738852
625,0.577302,0.520000,0.663256
626,0.572495,0.520000,0.651238
627,0.579734,0.520000,0.669335
628,0.708357,0.520000,0.990892
629,0.973835,1.000000,0.934588
630,0.849386,1.000000,0.623465
631,0.586560,0.464286,0.769973
632,0.995974,1.000000,0.989936
633,0.525330,0.259259,0.924435
634,0.914287,1.000000,0.785717
635,0.610464,0.520000,0.746159
636,0.902411,1.000000,0.756028
637,0.711564,0.520000,0.998909
638,0.999152,1.000000,0.997879
639,0.999821,1.000000,0.999553
640,0.999089,1.000000,0.997722
641,0.997590,1.000000,0.993975
642,0.711020,0.520000,0.997550
643,0.997375,1.000000,0.993438
644,0.910066,1.000000,0.775164
645,0.998103,1.000000,0.995257
646,0.999775,1.000000,0.999436
647,0.710919,0.520000,0.997298
648,0.997996,1.000000,0.994990
649,0.999852,1.000000,0.999630
650,0.982111,1.000000,0.955277
651,0.924373,1.000000,0.810933
652,0.908764,1.000000,0.771910
653,0.554653,0.259259,0.997743
654,0.711872,0.520000,0.999679
655,0.711878,0.520000,0.999695
656,0.905303,1.000000,0.763259
657,0.917807,1.000000,0.794518
658,0.999913,1.000000,0.999784
659,0.909989,1.000000,0.774973
660,0.998218,1.000000,0.995546
661,0.999232,1.000000,0.998081
662,0.996866,1.000000,0.992164
663,0.900996,1.000000,0.752490
664,0.997773,1.000000,0.994433
665,0.900101,1.000000,0.750252
666,0.969151,1.000000,0.922878
667,0.999901,1.000000,0.999753
668,0.997821,1.000000,0.994551
669,0.708064,0.520000,0.990159
670,0.547483,0.259259,0.979818
671,0.711253,0.520000,0.998132
672,0.997137,1.000000,0.992842
673,0.676542,0.520000,0.911356
674,0.963334,1.000000,0.908334
675,0.908850,1.000000,0.772125
676,0.899075,1.000000,0.747689
677,0.553168,0.259259,0.994031
678,0.857478,1.000000,0.643695
679,0.476211,0.259259,0.801639
680,0.995971,1.000000,0.989927
681,0.545882,0.259259,0.975816
682,0.894673,1.000000,0.736682
683,0.993561,1.000000,0.983902
684,0.999545,1.000000,0.998863
685,0.896445,1.000000,0.741114
686,0.994650,1.000000,0.986624
687,0.909931,1.000000,0.774828
688,0.999762,1.000000,0.999404
689,0.899568,1.000000,0.748919
690,0.443454,0.259259,0.719745
691,0.985145,1.000000,0.962863
692,0.891847,1.000000,0.729617
693,0.524905,0.259259,0.923374
694,0.910660,1.000000,0.776651
695,0.999938,1.000000,0.999844
696,0.997137,1.000000,0.992842
697,0.843944,1.000000,0.609861
698,0.937633,1.000000,0.844082
699,0.998973,1.000000,0.997433
700,0.980047,1.000000,0.950117
701,0.989676,1.000000,0.974191
702,0.996044,1.000000,0.990111
703,0.999050,1.000000,0.997625
704,0.998928,1.000000,0.997319
705,0.999458,1.000000,0.998644
706,0.999941,1.000000,0.999853
707,0.999904,1.000000,0.999760
708,0.908854,1.000000,0.772136
709,0.906218,1.000000,0.765546
710,0.999204,1.000000,0.998010
711,0.996736,1.000000,0.991840
712,0.997896,1.000000,0.994740
713,0.991839,1.000000,0.979597
714,0.889579,1.000000,0.723949
715,0.982756,1.000000,0.956891
716,0.994001,1.000000,0.985001
717,0.711349,0.520000,0.998372
718,0.997185,1.000000,0.992962
719,0.907830,1.000000,0.769575
720,0.999413,1.000000,0.998533
721,0.906768,1.000000,0.766920
722,0.999126,1.000000,0.997816
723,0.708529,0.520000,0.991323
724,0.997087,1.000000,0.992717
725,0.894129,1.000000,0.735321
726,0.545776,0.259259,0.975551
727,0.710248,0.520000,0.995620
728,0.553473,0.259259,0.994793
729,0.994938,1.000000,0.987346
730,0.539798,0.259259,0.960607
731,0.948393,1.000000,0.870983
732,0.999532,1.000000,0.998831
733,0.997669,1.000000,0.994172
734,0.999871,1.000000,0.999678
735,0.998421,1.000000,0.996051
736,0.974712,1.000000,0.936780
737,0.999847,1.000000,0.999618
738,0.674169,0.464286,0.988994
739,0.993399,1.000000,0.983498
740,0.609830,0.520000,0.744574
741,0.999528,1.000000,0.998819
742,0.999529,1.000000,0.998823
743,0.977439,1.000000,0.943598
744,0.999303,1.000000,0.998258
745,0.998871,1.000000,0.997179
746,0.555500,0.259259,0.999860
747,0.999772,1.000000,0.999429
748,0.897688,1.000000,0.744221
749,0.958919,1.000000,0.897298
750,0.835910,1.000000,0.589774
751,0.579885,0.448276,0.777298
752,0.942892,1.000000,0.857230
753,0.998111,1.000000,0.995278
754,0.999162,1.000000,0.997904
755,0.947352,1.000000,0.868379
756,0.890163,1.000000,0.725408
757,0.970659,1.000000,0.926647
758,0.990213,1.000000,0.975532
759,0.999664,1.000000,0.999159
760,0.710307,0.520000,0.995767
761,0.999564,1.000000,0.998910
762,0.975739,1.000000,0.939348
763,0.953920,1.000000,0.884801
764,0.999563,1.000000,0.998907
765,0.999875,1.000000,0.999689
766,0.555245,0.259259,0.999224
767,0.999208,1.000000,0.998020
768,0.993501,1.000000,0.983752
769,0.901591,1.000000,0.753978
770,0.469464,0.259259,0.784771
771,0.996034,1.000000,0.990085
772,0.999232,1.000000,0.998079
773,0.999834,1.000000,0.999584
774,0.999022,1.000000,0.997555
775,0.899025,1.000000,0.747562
776,0.997438,1.000000,0.993594
777,0.999747,1.000000,0.999368
778,0.998256,1.000000,0.995641
779,0.993934,1.000000,0.984834
780,0.552691,0.259259,0.992839
781,0.912085,1.000000,0.780212
782,0.485656,0.259259,0.825250
783,0.999468,1.000000,0.998671
784,0.998493,1.000000,0.996232
785,0.998005,1.000000,0.995013
786,0.554995,0.259259,0.998599
787,0.996209,1.000000,0.990522
788,0.999083,1.000000,0.997709
789,0.996473,1.000000,0.991183
790,0.710656,0.520000,0.996639
791,0.555445,0.259259,0.999723
792,0.999789,1.000000,0.999474
793,0.554922,0.259259,0.998416
794,0.711852,0.520000,0.999630
795,0.701969,0.520000,0.974922
796,0.996584,1.000000,0.991461
797,0.997567,1.000000,0.993918
798,0.999421,1.000000,0.998553
799,0.543056,0.520000,0.577640
800,0.996287,1.000000,0.990717
801,0.990306,1.000000,0.975765
802,0.910897,1.000000,0.777244
803,0.919123,1.000000,0.797808
804,0.461558,0.259259,0.765007
805,0.996371,1.000000,0.990928
806,0.999463,1.000000,0.998659
807,0.607099,0.520000,0.737746
808,0.997737,1.000000,0.994343
809,0.994906,1.000000,0.987266
810,0.915047,1.000000,0.787618
811,0.999111,1.000000,0.997778
812,0.512844,0.448276,0.609697
813,0.554866,0.259259,0.998275
814,0.999101,1.000000,0.997752
815,0.981895,1.000000,0.954737
816,0.991339,1.000000,0.978346
817,0.907219,1.000000,0.768047
818,0.835391,1.000000,0.588477
819,0.624352,0.520000,0.780881
820,0.994069,1.000000,0.985173
821,0.894577,1.000000,0.736442
822,0.933991,1.000000,0.834978
823,0.447658,0.259259,0.730257
824,0.999145,1.000000,0.997862
825,0.999697,1.000000,0.999243
826,0.997102,1.000000,0.992755
827,0.548009,0.259259,0.981133
828,0.999416,1.000000,0.998539
829,0.993414,1.000000,0.983536
830,0.555377,0.259259,0.999553
831,0.999323,1.000000,0.998307
832,0.849157,1.000000,0.622892
833,0.999799,1.000000,0.999498
834,0.999833,1.000000,0.999583
835,0.407318,0.259259,0.629406
836,0.996203,1.000000,0.990507
837,0.469832,0.259259,0.785690
838,0.998745,1.000000,0.996862
839,0.985564,1.000000,0.963910
840,0.992638,1.000000,0.981595
841,0.925785,1.000000,0.814463
842,0.921356,1.000000,0.803391
843,0.999360,1.000000,0.998400
844,0.845701,1.000000,0.614254
845,0.553513,0.259259,0.994893
846,0.707421,0.520000,0.988553
847,0.989232,1.000000,0.973081
848,0.711699,0.520000,0.999248
849,0.555464,0.259259,0.999770
850,0.970278,1.000000,0.925694
851,0.997307,1.000000,0.993269
852,0.919814,1.000000,0.799536
853,0.910609,1.000000,0.776523
854,0.998960,1.000000,0.997399
855,0.999086,1.000000,0.997715
856,0.659938,0.448276,0.977432
857,0.996668,1.000000,0.991669
858,0.992025,1.000000,0.980063
859,0.668848,0.448276,0.999707
860,0.971963,1.000000,0.929907
861,0.998521,1.000000,0.996303
862,0.999838,1.000000,0.999596
863,0.534218,0.448276,0.663132
864,0.990512,1.000000,0.976280
865,0.998720,1.000000,0.996800
866,0.997542,1.000000,0.993855
867,0.913262,1.000000,0.783154
868,0.999854,1.000000,0.999634
869,0.910833,1.000000,0.777082
870,0.555243,0.259259,0.999219
871,0.993883,1.000000,0.984707
872,0.708616,0.520000,0.991540
873,0.671463,0.464286,0.982228
874,0.980637,1.000000,0.951593
875,0.999373,1.000000,0.998431
876,0.999830,1.000000,0.999575
877,0.997471,1.000000,0.993677
878,0.982742,1.000000,0.956855
879,0.982373,1.000000,0.955934
880,0.552963,0.259259,0.993520
881,0.982441,1.000000,0.956103
882,0.932121,1.000000,0.830302
883,0.554728,0.259259,0.997932
884,0.998175,1.000000,0.995436
885,0.947657,1.000000,0.869143
886,0.910774,1.000000,0.776936
887,0.555414,0.259259,0.999646
888,0.992554,1.000000,0.981384
889,0.482852,0.259259,0.818241
890,0.677332,0.520000,0.913330
891,0.999190,1.000000,0.997975
892,0.998511,1.000000,0.996277
893,0.999243,1.000000,0.998109
894,0.901104,1.000000,0.752760
895,0.711521,0.520000,0.998802
896,0.999490,1.000000,0.998726
897,0.999862,1.000000,0.999654
898,0.999709,1.000000,0.999272
899,0.668833,0.448276,0.999669
900,0.993801,1.000000,0.984501
901,0.998267,1.000000,0.995667
902,0.999401,1.000000,0.998503
903,0.999734,1.000000,0.999335
904,0.995876,1.000000,0.989691
905,0.991086,1.000000,0.977715
906,0.999735,1.000000,0.999337
907,0.913013,1.000000,0.782531
908,0.999659,1.000000,0.999149
909,0.999925,1.000000,0.999812
910,0.552953,0.259259,0.993494
911,0.562003,0.520000,0.625006
912,0.999716,1.000000,0.999291
913,0.997655,1.000000,0.994138
914,0.966155,1.000000,0.915388
915,0.553425,0.259259,0.994672
916,0.910371,1.000000,0.775927
917,0.968188,1.000000,0.920471
918,0.663894,0.448276,0.987321
919,0.997438,1.000000,0.993596
920,0.999960,1.000000,0.999901
921,0.998828,1.000000,0.997071
922,0.709856,0.520000,0.994641
923,0.699618,0.520000,0.969046
924,0.847642,1.000000,0.619104
925,0.554870,0.259259,0.998286
926,0.709782,0.520000,0.994455
927,0.555510,0.259259,0.999886
928,0.911727,1.000000,0.779317
929,0.543871,0.259259,0.970789
930,0.999927,1.000000,0.999817
931,0.999196,1.000000,0.997989
932,0.999154,1.000000,0.997886
933,0.992827,1.000000,0.982069
934,0.999963,1.000000,0.999908
935,0.999635,1.000000,0.999088
936,0.998573,1.000000,0.996434
937,0.999675,1.000000,0.999188
938,0.998782,1.000000,0.996955
939,0.999527,1.000000,0.998818
940,0.979584,1.000000,0.948959
941,0.996024,1.000000,0.990061
942,0.911452,1.000000,0.778630
943,0.551527,0.259259,0.989929
944,0.999918,1.000000,0.999794
945,0.458806,0.259259,0.758126
946,0.862863,1.000000,0.657157
947,0.999844,1.000000,0.999610
948,0.908404,1.000000,0.771011
949,0.993394,1.000000,0.983486
950,0.999929,1.000000,0.999822
951,0.555302,0.259259,0.999367
952,0.705888,0.520000,0.984721
953,0.555102,0.259259,0.998866
954,0.711795,0.520000,0.999488
955,0.708933,0.520000,0.992333
956,0.998431,1.000000,0.996077
957,0.962905,1.000000,0.907263
958,0.999354,1.000000,0.998385
959,0.906462,1.000000,0.766155
960,0.999517,1.000000,0.998792
961,0.993588,1.000000,0.983970
962,0.711103,0.520000,0.997757
963,0.993135,1.000000,0.982837
964,0.999229,1.000000,0.998073
965,0.902255,1.000000,0.755639
966,0.464764,0.259259,0.773022
967,0.547881,0.259259,0.980813
968,0.555511,0.259259,0.999889
969,0.999254,1.000000,0.998136
970,0.999699,1.000000,0.999248
971,0.999188,1.000000,0.997970
972,0.914016,1.000000,0.785041
973,0.996275,1.000000,0.990687
974,0.931863,1.000000,0.829658
975,0.996836,1.000000,0.992090
976,0.995092,1.000000,0.987730
977,0.991847,1.000000,0.979618
978,0.914107,1.000000,0.785269
979,0.663698,0.448276,0.986831
980,0.992313,1.000000,0.980782
981,0.999715,1.000000,0.999287
982,0.998547,1.000000,0.996367
983,0.998598,1.000000,0.996496
984,0.999586,1.000000,0.998965
985,0.936346,1.000000,0.840866
986,0.991073,1.000000,0.977681
987,0.463015,0.259259,0.768649
988,0.995854,1.000000,0.989636
989,0.904768,1.000000,0.761920
990,0.995462,1.000000,0.988656
991,0.999362,1.000000,0.998406
992,0.996976,1.000000,0.992440
993,0.711237,0.520000,0.998093
994,0.993921,1.000000,0.984803
995,0.945697,1.000000,0.864243
996,0.976277,1.000000,0.940693
997,0.999781,1.000000,0.999453
998,0.999706,1.000000,0.999266
999,0.861228,1.000000,0.653071
1000,0.999770,1.000000,0.999425
1001,0.987070,1.000000,0.967675
1002,0.663398,0.464286,0.962066
1003,0.549313,0.259259,0.984394
1004,0.555433,0.259259,0.999695
1005,0.998075,1.000000,0.995188
1006,0.554294,0.259259,0.996846
1007,0.990752,1.000000,0.976880
1008,0.998944,1.000000,0.997360
1009,0.553061,0.259259,0.993763
1010,0.998316,1.000000,0.995790
1011,0.999746,1.000000,0.999366
1012,0.702401,0.520000,0.976002
1013,0.543073,0.259259,0.968793
1014,0.999622,1.000000,0.999055
1015,0.961089,1.000000,0.902722
1016,0.995000,1.000000,0.987499
1017,0.994612,1.000000,0.986529
1018,0.993654,1.000000,0.984135
1019,0.961222,1.000000,0.903055
1020,0.418130,0.259259,0.656436
1021,0.941367,1.000000,0.853417
1022,0.999668,1.000000,0.999169
1023,0.518837,0.259259,0.908204
1024,0.999347,1.000000,0.998368
1025,0.928121,1.000000,0.820303
1026,0.995446,1.000000,0.988616
1027,0.998185,1.000000,0.995462
1028,0.978571,1.000000,0.946427
1029,0.998343,1.000000,0.995857
1030,0.554293,0.259259,0.996844
1031,0.554176,0.259259,0.996550
1032,0.909454,1.000000,0.773636
1033,0.999957,1.000000,0.999892
1034,0.913917,1.000000,0.784792
1035,0.996742,1.000000,0.991855
1036,0.537608,0.259259,0.955132
1037,0.989948,1.000000,0.974869
1038,0.997956,1.000000,0.994891
1039,0.896042,1.000000,0.740104
1040,0.995321,1.000000,0.988303
1041,0.991724,1.000000,0.979310
1042,0.554957,0.259259,0.998504
1043,0.999401,1.000000,0.998503
1044,0.543563,0.259259,0.970020
1045,0.998882,1.000000,0.997206
1046,0.999388,1.000000,0.998471
1047,0.895930,1.000000,0.739826
1048,0.984740,1.000000,0.961851
1049,0.999948,1.000000,0.999869
1050,0.711115,0.520000,0.997788
1051,0.998236,1.000000,0.995591
1052,0.902029,1.000000,0.755073
1053,0.998729,1.000000,0.996822
1054,0.997830,1.000000,0.994576
1055,0.527868,0.259259,0.930781
1056,0.998280,1.000000,0.995700
1057,0.899929,1.000000,0.749823
1058,0.990574,1.000000,0.976434
1059,0.463459,0.259259,0.769758
1060,0.901938,1.000000,0.754846
1061,0.991582,1.000000,0.978956
1062,0.989437,1.000000,0.973592
1063,0.457103,0.259259,0.753868
1064,0.995291,1.000000,0.988228
1065,0.999921,1.000000,0.999804
1066,0.711834,0.520000,0.999586
1067,0.536053,0.259259,0.951244
1068,0.980339,1.000000,0.950847
1069,0.999899,1.000000,0.999749
1070,0.998167,1.000000,0.995417
1071,0.457180,0.259259,0.754061
1072,0.994655,1.000000,0.986637
1073,0.997745,1.000000,0.994362
1074,0.998918,1.000000,0.997296
1075,0.994468,1.000000,0.986170
1076,0.999045,1.000000,0.997613
1077,0.996614,1.000000,0.991534
1078,0.999726,1.000000,0.999316
1079,0.999069,1.000000,0.997672
1080,0.910251,1.000000,0.775627
1081,0.994808,1.000000,0.987020
1082,0.553975,0.259259,0.996049
1083,0.546742,0.259259,0.977967
1084,0.711197,0.520000,0.997992
1085,0.705766,0.520000,0.984414
1086,0.691907,0.520000,0.949767
1087,0.999708,1.000000,0.999270
1088,0.994999,1.000000,0.987498
1089,0.547090,0.259259,0.978835
1090,0.706136,0.520000,0.985340
1091,0.691599,0.520000,0.948998
1092,0.999698,1.000000,0.999245
1093,0.999035,1.000000,0.997588
1094,0.988387,1.000000,0.970968
1095,0.909569,1.000000,0.773923
1096,0.998492,1.000000,0.996229
1097,0.999641,1.000000,0.999103
1098,0.993622,1.000000,0.984055
1099,0.995798,1.000000,0.989496
1100,0.997245,1.000000,0.993112
1101,0.966220,1.000000,0.915550
1102,0.708899,0.520000,0.992247
1103,0.998309,1.000000,0.995774
1104,0.997171,1.000000,0.992927
1105,0.999375,1.000000,0.998438
1106,0.954977,1.000000,0.887442
1107,0.999966,1.000000,0.999916
1108,0.900303,1.000000,0.750759
1109,0.998858,1.000000,0.997146
1110,0.552715,0.259259,0.992898
1111,0.999839,1.000000,0.999598
1112,0.999728,1.000000,0.999319
1113,0.546320,0.259259,0.976910
1114,0.710865,0.520000,0.997162
1115,0.711213,0.520000,0.998032
1116,0.997660,1.000000,0.994150
1117,0.552497,0.259259,0.992354
1118,0.529281,0.259259,0.934314
1119,0.974670,1.000000,0.936674
1120,0.998246,1.000000,0.995615
1121,0.998552,1.000000,0.996379
1122,0.554774,0.259259,0.998046
1123,0.914243,1.000000,0.785608
1124,0.993108,1.000000,0.982769
1125,0.999834,1.000000,0.999586
1126,0.907070,1.000000,0.767676
1127,0.997223,1.000000,0.993057
1128,0.999761,1.000000,0.999402
1129,0.999289,1.000000,0.998222
1130,0.998054,1.000000,0.995135
1131,0.998299,1.000000,0.995747
1132,0.998059,1.000000,0.995147
1133,0.999336,1.000000,0.998339
1134,0.902752,1.000000,0.756881
1135,0.995142,1.000000,0.987856
1136,0.708244,0.520000,0.990609
1137,0.948437,1.000000,0.871092
1138,0.613017,0.520000,0.752544
1139,0.998320,1.000000,0.995799
1140,0.698241,0.520000,0.965603
1141,0.893430,1.000000,0.733575
1142,0.993527,1.000000,0.983817
1143,0.891628,1.000000,0.729069
1144,0.999643,1.000000,0.999107
1145,0.998135,1.000000,0.995337
1146,0.999896,1.000000,0.999740
1147,0.998491,1.000000,0.996227
1148,0.996932,1.000000,0.992331
1149,0.914137,1.000000,0.785343
1150,0.998484,1.000000,0.996210
1151,0.592965,0.520000,0.702412
1152,0.709127,0.520000,0.992819
1153,0.989145,1.000000,0.972863
1154,0.956238,1.000000,0.890595
1155,0.554707,0.259259,0.997878
1156,0.998571,1.000000,0.996428
1157,0.701328,0.520000,0.973320
1158,0.554819,0.259259,0.998159
1159,0.709818,0.520000,0.994546
1160,0.998820,1.000000,0.997051
1161,0.804697,1.000000,0.511743
1162,0.999849,1.000000,0.999623
1163,0.963395,1.000000,0.908488
1164,0.998553,1.000000,0.996384
1165,0.999276,1.000000,0.998190
1166,0.999887,1.000000,0.999717
1167,0.551928,0.259259,0.990931
1168,0.710484,0.520000,0.996211
1169,0.968664,1.000000,0.921659
1170,0.711290,0.520000,0.998226
1171,0.999467,1.000000,0.998667
1172,0.999078,1.000000,0.997694
1173,0.995011,1.000000,0.987528
1174,0.899975,1.000000,0.749938
1175,0.932962,1.000000,0.832404
1176,0.668126,0.520000,0.890315
1177,0.995485,1.000000,0.988712
1178,0.996889,1.000000,0.992222
1179,0.910743,1.000000,0.776858
1180,0.533263,0.259259,0.944269
1181,0.999954,1.000000,0.999886
1182,0.998702,1.000000,0.996756
1183,0.457441,0.259259,0.754713
1184,0.667754,0.448276,0.996972
1185,0.997894,1.000000,0.994735
1186,0.999976,1.000000,0.999941
1187,0.998862,1.000000,0.997155
1188,0.995736,1.000000,0.989340
1189,0.999071,1.000000,0.997678
1190,0.999840,1.000000,0.999601
1191,0.999536,1.000000,0.998840
1192,0.711944,0.520000,0.999860
1193,0.980219,1.000000,0.950547
1194,0.908616,1.000000,0.771539
1195,0.995297,1.000000,0.988243
1196,0.988932,1.000000,0.972331
1197,0.999602,1.000000,0.999006
1198,0.711521,0.520000,0.998803
1199,0.553829,0.259259,0.995684
1200,0.999721,1.000000,0.999301
1201,0.977253,1.000000,0.943133
1202,0.710903,0.520000,0.997259
1203,0.999445,1.000000,0.998613
1204,0.703930,0.520000,0.979825
1205,0.997490,1.000000,0.993726
1206,0.996055,1.000000,0.990137
1207,0.548181,0.259259,0.981563
1208,0.554841,0.259259,0.998214
1209,0.902978,1.000000,0.757444
1210,0.953374,1.000000,0.883436
1211,0.999939,1.000000,0.999848
1212,0.996967,1.000000,0.992418
1213,0.999101,1.000000,0.997751
1214,0.995316,1.000000,0.988290
1215,0.711091,0.520000,0.997726
1216,0.555423,0.259259,0.999669
1217,0.987044,1.000000,0.967610
1218,0.997082,1.000000,0.992705
1219,0.457985,0.259259,0.756074
1220,0.710968,0.520000,0.997420
1221,0.711273,0.520000,0.998182
1222,0.903774,1.000000,0.759435
1223,0.902146,1.000000,0.755365
1224,0.997530,1.000000,0.993825
1225,0.910589,1.000000,0.776474
1226,0.999557,1.000000,0.998893
1227,0.551154,0.464286,0.681456
1228,0.998019,1.000000,0.995046
1229,0.998732,1.000000,0.996831
1230,0.677948,0.464286,0.998441
1231,0.993609,1.000000,0.984022
1232,0.482361,0.259259,0.817012
1233,0.999553,1.000000,0.998884
1234,0.999577,1.000000,0.998943
1235,0.999907,1.000000,0.999766
1236,0.555446,0.259259,0.999727
1237,0.999748,1.000000,0.999371
1238,0.999788,1.000000,0.999470
1239,0.905179,1.000000,0.762947
1240,0.901930,1.000000,0.754826
1241,0.979088,1.000000,0.947721
1242,0.999626,1.000000,0.999066
1243,0.384055,0.259259,0.571249
1244,0.999626,1.000000,0.999066
1245,0.697606,0.520000,0.964015
1246,0.629739,0.520000,0.794347
1247,0.993359,1.000000,0.983397
1248,0.854177,1.000000,0.635442
1249,0.969587,1.000000,0.923968
1250,0.998871,1.000000,0.997178
1251,0.582781,0.464286,0.760524
1252,0.553125,0.259259,0.993923
1253,0.997291,1.000000,0.993227
1254,0.999474,1.000000,0.998685
1255,0.667491,0.448276,0.996313
1256,0.994402,1.000000,0.986004
1257,0.992159,1.000000,0.980398
1258,0.999641,1.000000,0.999103
1259,0.991496,1.000000,0.978740
1260,0.988080,1.000000,0.970201
1261,0.953949,1.000000,0.884872
1262,0.987737,1.000000,0.969342
1263,0.999949,1.000000,0.999873
1264,0.998108,1.000000,0.995270
1265,0.997371,1.000000,0.993427
1266,0.827162,1.000000,0.567905
1267,0.998626,1.000000,0.996565
1268,0.980688,1.000000,0.951720
1269,0.864355,1.000000,0.660886
1270,0.998907,1.000000,0.997266
1271,0.920852,1.000000,0.802130
1272,0.908569,1.000000,0.771423
1273,0.998433,1.000000,0.996084
1274,0.913198,1.000000,0.782995
1275,0.999416,1.000000,0.998539
1276,0.991829,1.000000,0.979574
1277,0.988736,1.000000,0.971841
1278,0.711447,0.520000,0.998617
1279,0.901014,1.000000,0.752536
1280,0.999645,1.000000,0.999112
1281,0.999359,1.000000,0.998397
1282,0.554695,0.259259,0.997848
1283,0.468438,0.259259,0.782206
1284,0.999471,1.000000,0.998678
1285,0.999916,1.000000,0.999789
1286,0.999405,1.000000,0.998513
1287,0.999276,1.000000,0.998190
1288,0.555306,0.259259,0.999377
1289,0.609439,0.520000,0.743597
1290,0.994976,1.000000,0.987439
1291,0.998760,1.000000,0.996901
1292,0.711938,0.520000,0.999845
1293,0.999934,1.000000,0.999834
1294,0.525511,0.259259,0.924887
1295,0.886675,1.000000,0.716688
1296,0.993493,1.000000,0.983732
1297,0.997844,1.000000,0.994610
1298,0.997187,1.000000,0.992966
1299,0.979992,1.000000,0.949979
1300,0.621272,0.520000,0.773181
1301,0.997500,1.000000,0.993751
1302,0.934321,1.000000,0.835802
1303,0.999881,1.000000,0.999703
1304,0.994004,1.000000,0.985010
1305,0.537037,0.259259,0.953704
1306,0.995243,1.000000,0.988106
1307,0.996997,1.000000,0.992492
1308,0.554025,0.259259,0.996174
1309,0.998742,1.000000,0.996854
1310,0.618676,0.520000,0.766690
1311,0.998554,1.000000,0.996384
1312,0.627924,0.448276,0.897395
1313,0.970363,1.000000,0.925906
1314,0.998959,1.000000,0.997397
1315,0.999274,1.000000,0.998186
1316,0.711429,0.520000,0.998573
1317,0.552490,0.259259,0.992336
1318,0.907612,1.000000,0.769030
1319,0.998152,1.000000,0.995379
1320,0.999665,1.000000,0.999162
1321,0.971972,1.000000,0.929929
1322,0.999878,1.000000,0.999695
1323,0.999791,1.000000,0.999478
1324,0.999714,1.000000,0.999285
1325,0.994382,1.000000,0.985955
1326,0.908688,1.000000,0.771720
1327,0.904538,1.000000,0.761344
1328,0.668663,0.520000,0.891658
1329,0.528936,0.259259,0.933451
1330,0.994486,1.000000,0.986214
1331,0.711505,0.520000,0.998763
1332,0.891157,1.000000,0.727893
1333,0.994355,1.000000,0.985888
1334,0.898067,1.000000,0.745167
1335,0.995541,1.000000,0.988852
1336,0.999667,1.000000,0.999167
1337,0.994762,1.000000,0.986905
1338,0.913990,1.000000,0.784976
1339,0.486865,0.259259,0.828275
1340,0.511794,0.259259,0.890597
1341,0.900118,1.000000,0.750294
1342,0.907534,1.000000,0.768835
1343,0.555441,0.259259,0.999714
1344,0.996603,1.000000,0.991506
1345,0.998607,1.000000,0.996518
1346,0.551293,0.259259,0.989345
1347,0.999251,1.000000,0.998127
1348,0.996981,1.000000,0.992454
1349,0.999880,1.000000,0.999699
1350,0.999886,1.000000,0.999715
1351,0.383533,0.259259,0.569944
1352,0.993016,1.000000,0.982541
1353,0.999719,1.000000,0.999297
1354,0.999514,1.000000,0.998786
1355,0.913673,1.000000,0.784182
1356,0.999336,1.000000,0.998339
1357,0.996572,1.000000,0.991431
1358,0.988594,1.000000,0.971484
1359,0.705977,0.520000,0.984942
1360,0.992836,1.000000,0.982090
1361,0.989560,1.000000,0.973900
1362,0.549024,0.259259,0.983670
1363,0.909901,1.000000,0.774752
1364,0.999030,1.000000,0.997575
1365,0.993636,1.000000,0.984090
1366,0.996163,1.000000,0.990407
1367,0.998092,1.000000,0.995231
1368,0.845257,1.000000,0.613143
1369,0.994258,1.000000,0.985644
1370,0.999932,1.000000,0.999830
1371,0.708365,0.520000,0.990911
1372,0.904257,1.000000,0.760643
1373,0.933729,1.000000,0.834324
1374,0.711685,0.520000,0.999211
1375,0.854948,1.000000,0.637369
1376,0.710236,0.520000,0.995590
1377,0.895387,1.000000,0.738468
1378,0.999503,1.000000,0.998756
1379,0.451800,0.259259,0.740610
1380,0.986607,1.000000,0.966518
1381,0.906699,1.000000,0.766748
1382,0.998849,1.000000,0.997123
1383,0.999525,1.000000,0.998812
1384,0.996656,1.000000,0.991640
1385,0.667403,0.448276,0.996094
1386,0.999338,1.000000,0.998346
1387,0.554303,0.259259,0.996870
1388,0.706370,0.520000,0.985924
1389,0.902104,1.000000,0.755260
1390,0.999854,1.000000,0.999634
1391,0.999955,1.000000,0.999888
1392,0.993402,1.000000,0.983504
1393,0.843447,1.000000,0.608618
1394,0.993032,1.000000,0.982580
1395,0.548957,0.259259,0.983503
1396,0.554730,0.259259,0.997936
1397,0.599794,0.520000,0.719485
1398,0.554860,0.259259,0.998262
1399,0.999318,1.000000,0.998295
1400,0.997871,1.000000,0.994678
1401,0.995813,1.000000,0.989531
1402,0.944729,1.000000,0.861822
1403,0.991623,1.000000,0.979058
1404,0.555490,0.259259,0.999837
1405,0.998733,1.000000,0.996833
1406,0.551255,0.259259,0.989250
1407,0.998536,1.000000,0.996340
1408,0.998555,1.000000,0.996387
1409,0.890506,1.000000,0.726266
1410,0.988729,1.000000,0.971822
1411,0.999703,1.000000,0.999259
1412,0.678339,0.464286,0.999419
1413,0.900014,1.000000,0.750035
1414,0.911745,1.000000,0.779363
1415,0.676614,0.464286,0.995106
1416,0.999218,1.000000,0.998045
1417,0.999836,1.000000,0.999589
1418,0.999795,1.000000,0.999487
1419,0.698904,0.520000,0.967259
1420,0.494844,0.259259,0.848221
1421,0.999450,1.000000,0.998625
1422,0.999155,1.000000,0.997888
1423,0.894130,1.000000,0.735325
1424,0.465473,0.259259,0.774793
1425,0.999298,1.000000,0.998245
1426,0.999872,1.000000,0.999680
1427,0.899710,1.000000,0.749274
1428,0.999792,1.000000,0.999479
1429,0.554377,0.259259,0.997054
1430,0.996558,1.000000,0.991394
1431,0.964631,1.000000,0.911578
1432,0.999670,1.000000,0.999176
1433,0.480286,0.259259,0.811827
1434,0.998380,1.000000,0.995951
1435,0.995158,1.000000,0.987894
1436,0.711813,0.520000,0.999533
1437,0.549577,0.259259,0.985052
1438,0.970001,1.000000,0.925002
1439,0.907775,1.000000,0.769438
1440,0.935650,1.000000,0.839124
1441,0.999359,1.000000,0.998396
1442,0.839642,1.000000,0.599106
1443,0.895150,1.000000,0.737875
1444,0.469219,0.259259,0.784158
1445,0.996203,1.000000,0.990507
1446,0.998876,1.000000,0.997191
1447,0.999462,1.000000,0.998654
1448,0.995498,1.000000,0.988745
1449,0.996084,1.000000,0.990209
1450,0.999855,1.000000,0.999637
1451,0.711423,0.520000,0.998558
1452,0.992686,1.000000,0.981715
1453,0.999786,1.000000,0.999466
1454,0.555355,0.259259,0.999499
1455,0.711518,0.520000,0.998795
1456,0.996230,1.000000,0.990575
1457,0.999718,1.000000,0.999295
1458,0.999630,1.000000,0.999075
1459,0.554499,0.259259,0.997358
1460,0.999775,1.000000,0.999437
1461,0.999548,1.000000,0.998869
1462,0.902996,1.000000,0.757489
1463,0.997742,1.000000,0.994356
1464,0.999867,1.000000,0.999667
1465,0.999520,1.000000,0.998800
1466,0.915038,1.000000,0.787595
1467,0.998932,1.000000,0.997330
1468,0.834110,1.000000,0.585274
1469,0.999857,1.000000,0.999643
1470,0.969486,1.000000,0.923714
1471,0.997338,1.000000,0.993345
1472,0.999752,1.000000,0.999380
1473,0.900257,1.000000,0.750642
1474,0.894073,1.000000,0.735183
1475,0.997415,1.000000,0.993537
1476,0.887269,1.000000,0.718172
1477,0.998532,1.000000,0.996330
1478,0.999745,1.000000,0.999364
1479,0.993041,1.000000,0.982601
1480,0.998214,1.000000,0.995535
1481,0.998393,1.000000,0.995983
1482,0.998358,1.000000,0.995894
1483,0.999782,1.000000,0.999455
1484,0.993075,1.000000,0.982687
1485,0.904503,1.000000,0.761257
1486,0.985346,1.000000,0.963365
1487,0.678376,0.464286,0.999511
1488,0.903277,1.000000,0.758192
1489,0.999299,1.000000,0.998247
1490,0.999438,1.000000,0.998596
1491,0.974280,1.000000,0.935700
1492,0.999840,1.000000,0.999600
1493,0.999041,1.000000,0.997602
1494,0.999687,1.000000,0.999217
1495,0.995011,1.000000,0.987528
1496,0.710206,0.520000,0.995515
1497,0.997562,1.000000,0.993905
1498,0.998882,1.000000,0.997204
1499,0.998959,1.000000,0.997397
1500,0.996113,1.000000,0.990282
1501,0.991505,1.000000,0.978762
1502,0.999702,1.000000,0.999255
1503,0.995547,1.000000,0.988867
1504,0.466359,0.259259,0.777009
1505,0.999010,1.000000,0.997525
1506,0.898347,1.000000,0.745868
1507,0.993972,1.000000,0.984929
1508,0.998779,1.000000,0.996949
1509,0.986682,1.000000,0.966705
1510,0.998674,1.000000,0.996684
1511,0.981892,1.000000,0.954731
1512,0.707263,0.520000,0.988157
1513,0.890536,1.000000,0.726341
1514,0.999411,1.000000,0.998528
1515,0.999588,1.000000,0.998969
1516,0.998343,1.000000,0.995858
1517,0.999379,1.000000,0.998448
1518,0.998177,1.000000,0.995443
1519,0.555222,0.259259,0.999166
1520,0.998350,1.000000,0.995876
1521,0.999813,1.000000,0.999533
1522,0.998331,1.000000,0.995827
1523,0.895551,1.000000,0.738878
1524,0.549303,0.464286,0.676829
1525,0.999608,1.000000,0.999019
1526,0.547790,0.259259,0.980586
1527,0.996317,1.000000,0.990793
1528,0.710449,0.520000,0.996122
1529,0.911564,1.000000,0.778910
1530,0.998554,1.000000,0.996386
1531,0.665736,0.448276,0.991925
1532,0.999454,1.000000,0.998635
1533,0.998420,1.000000,0.996050
1534,0.996477,1.000000,0.991192
1535,0.999599,1.000000,0.998997
1536,0.553934,0.259259,0.995946
1537,0.990678,1.000000,0.976695
1538,0.997154,1.000000,0.992886
1539,0.996973,1.000000,0.992433
1540,0.999870,1.000000,0.999674
1541,0.463481,0.259259,0.769813
1542,0.552935,0.259259,0.993448
1543,0.996707,1.000000,0.991767
1544,0.999712,1.000000,0.999279
1545,0.998378,1.000000,0.995946
1546,0.710717,0.520000,0.996794
1547,0.555114,0.259259,0.998896
1548,0.677657,0.464286,0.997715
1549,0.914216,1.000000,0.785541
1550,0.937309,1.000000,0.843272
1551,0.555284,0.259259,0.999322
1552,0.993627,1.000000,0.984067
1553,0.710434,0.520000,0.996086
1554,0.999469,1.000000,0.998671
1555,0.555431,0.259259,0.999688
1556,0.555281,0.259259,0.999312
1557,0.550950,0.259259,0.988487
1558,0.977627,1.000000,0.944067
1559,0.999748,1.000000,0.999369
1560,0.914283,1.000000,0.785708
1561,0.991667,1.000000,0.979168
1562,0.999559,1.000000,0.998897
1563,0.989060,1.000000,0.972650
1564,0.996601,1.000000,0.991502
1565,0.994909,1.000000,0.987273
1566,0.668274,0.448276,0.998270
1567,0.711856,0.520000,0.999640
1568,0.710800,0.520000,0.997000
1569,0.996403,1.000000,0.991008
1570,0.996869,1.000000,0.992172
1571,0.999859,1.000000,0.999648
1572,0.944088,1.000000,0.860221
1573,0.999751,1.000000,0.999378
1574,0.999123,1.000000,0.997808
1575,0.985066,1.000000,0.962665
1576,0.999819,1.000000,0.999548
1577,0.997356,1.000000,0.993390
1578,0.999342,1.000000,0.998356
1579,0.990676,1.000000,0.976689
1580,0.554092,0.259259,0.996342
1581,0.618809,0.520000,0.767021
1582,0.892433,1.000000,0.731083
1583,0.999681,1.000000,0.999202
1584,0.553329,0.259259,0.994434
1585,0.999889,1.000000,0.999722
1586,0.554745,0.259259,0.997973
1587,0.578264,0.448276,0.773245
1588,0.961208,1.000000,0.903020
1589,0.987774,1.000000,0.969435
1590,0.999588,1.000000,0.998969
1591,0.968719,1.000000,0.921797
1592,0.911498,1.000000,0.778746
1593,0.995660,1.000000,0.989150
1594,0.945772,1.000000,0.864430
1595,0.908194,1.000000,0.770484
1596,0.996744,1.000000,0.991861
1597,0.981393,1.000000,0.953483
1598,0.993037,1.000000,0.982594
1599,0.996710,1.000000,0.991776
1600,0.910419,1.000000,0.776047
1601,0.985173,1.000000,0.962933
1602,0.998823,1.000000,0.997059
1603,0.996829,1.000000,0.992072
1604,0.868765,1.000000,0.671913
1605,0.710961,0.520000,0.997404
1606,0.704730,0.520000,0.981824
1607,0.979777,1.000000,0.949443
1608,0.992309,1.000000,0.980772
1609,0.996686,1.000000,0.991715
1610,0.974188,1.000000,0.935469
1611,0.580938,0.448276,0.779932
1612,0.999973,1.000000,0.999934
1613,0.900708,1.000000,0.751769
1614,0.497380,0.259259,0.854561
1615,0.711770,0.520000,0.999425
1616,0.555305,0.259259,0.999372
1617,0.982273,1.000000,0.955681
1618,0.616421,0.520000,0.761052
1619,0.907156,1.000000,0.767890
1620,0.992540,1.000000,0.981349
1621,0.996868,1.000000,0.992169
1622,0.568496,0.448276,0.748826
1623,0.998815,1.000000,0.997038
1624,0.638432,0.448276,0.923667
1625,0.898981,1.000000,0.747453
1626,0.536456,0.259259,0.952251
1627,0.952121,1.000000,0.880303
1628,0.926841,1.000000,0.817103
1629,0.998854,1.000000,0.997135
1630,0.996406,1.000000,0.991016
1631,0.988614,1.000000,0.971534
1632,0.999307,1.000000,0.998269
1633,0.995423,1.000000,0.988558
1634,0.982688,1.000000,0.956719
1635,0.953620,1.000000,0.884051
1636,0.943978,1.000000,0.859944
1637,0.998274,1.000000,0.995684
1638,0.999475,1.000000,0.998688
1639,0.994336,1.000000,0.985841
1640,0.920460,1.000000,0.801150
1641,0.998245,1.000000,0.995612
1642,0.998810,1.000000,0.997025
1643,0.999161,1.000000,0.997902
1644,0.657443,0.448276,0.971194
1645,0.466514,0.259259,0.777397
1646,0.999114,1.000000,0.997784
1647,0.992676,1.000000,0.981689
1648,0.709201,0.520000,0.993003
1649,0.998966,1.000000,0.997414
1650,0.999009,1.000000,0.997522
1651,0.994330,1.000000,0.985824
1652,0.710825,0.520000,0.997064
1653,0.996609,1.000000,0.991522
1654,0.998863,1.000000,0.997158
1655,0.553460,0.259259,0.994762
1656,0.973112,1.000000,0.932780
1657,0.999827,1.000000,0.999568
1658,0.916528,1.000000,0.791319
1659,0.998650,1.000000,0.996624
1660,0.997217,1.000000,0.993042
1661,0.910222,1.000000,0.775555
1662,0.555297,0.259259,0.999354
1663,0.994102,1.000000,0.985256
1664,0.710409,0.520000,0.996021
1665,0.997698,1.000000,0.994244
1666,0.999730,1.000000,0.999326
1667,0.980562,1.000000,0.951404
1668,0.995203,1.000000,0.988007
1669,0.999265,1.000000,0.998163
1670,0.911440,1.000000,0.778599
1671,0.670778,0.520000,0.896944
1672,0.911875,1.000000,0.779687
1673,0.908659,1.000000,0.771647
1674,0.999415,1.000000,0.998537
1675,0.903327,1.000000,0.758317
1676,0.668032,0.448276,0.997665
1677,0.987439,1.000000,0.968598
1678,0.548899,0.259259,0.983358
1679,0.910117,1.000000,0.775293
1680,0.999808,1.000000,0.999519
1681,0.553198,0.259259,0.994107
1682,0.959427,1.000000,0.898566
1683,0.997816,1.000000,0.994540
1684,0.544582,0.259259,0.972565
1685,0.996406,1.000000,0.991014
1686,0.997680,1.000000,0.994199
1687,0.999738,1.000000,0.999346
1688,0.700358,0.520000,0.970895
1689,0.959816,1.000000,0.899540
1690,0.458766,0.259259,0.758026
1691,0.619642,0.520000,0.769104
1692,0.620774,0.520000,0.771936
1693,0.554925,0.259259,0.998424
1694,0.998593,1.000000,0.996482
1695,0.989473,1.000000,0.973682
1696,0.998231,1.000000,0.995577
1697,0.709252,0.520000,0.993131
1698,0.857713,1.000000,0.644282
1699,0.999418,1.000000,0.998546
1700,0.996169,1.000000,0.990424
1701,0.548556,0.259259,0.982500
1702,0.998720,1.000000,0.996799
1703,0.999871,1.000000,0.999679
1704,0.984649,1.000000,0.961622
1705,0.999104,1.000000,0.997759
1706,0.998419,1.000000,0.996048
1707,0.999172,1.000000,0.997929
1708,0.909570,1.000000,0.773926
1709,0.552118,0.259259,0.991405
1710,0.999692,1.000000,0.999231
1711,0.998691,1.000000,0.996726
1712,0.707385,0.520000,0.988462
1713,0.555328,0.259259,0.999432
1714,0.994048,1.000000,0.985120
1715,0.999074,1.000000,0.997685
1716,0.998325,1.000000,0.995813
1717,0.956281,1.000000,0.890702
1718,0.438505,0.259259,0.707374
1719,0.555179,0.259259,0.999060
1720,0.999799,1.000000,0.999498
1721,0.999586,1.000000,0.998966
1722,0.926521,1.000000,0.816303
1723,0.998489,1.000000,0.996223
1724,0.553016,0.259259,0.993650
1725,0.998748,1.000000,0.996871
1726,0.904839,1.000000,0.762098
1727,0.999711,1.000000,0.999278
1728,0.999569,1.000000,0.998922
1729,0.554674,0.259259,0.997797
1730,0.999902,1.000000,0.999756
1731,0.896131,1.000000,0.740327
1732,0.999139,1.000000,0.997847
1733,0.928604,1.000000,0.821509
1734,0.467967,0.259259,0.781030
1735,0.450674,0.259259,0.737795
1736,0.711654,0.520000,0.999136
1737,0.984146,1.000000,0.960365
1738,0.551265,0.259259,0.989274
1739,0.463698,0.259259,0.770356
1740,0.993360,1.000000,0.983400
1741,0.994009,1.000000,0.985024
1742,0.995484,1.000000,0.988711
1743,0.710922,0.520000,0.997306
1744,0.993406,1.000000,0.983515
1745,0.993845,1.000000,0.984612
1746,0.998928,1.000000,0.997320
1747,0.999503,1.000000,0.998756
1748,0.994056,1.000000,0.985141
1749,0.995101,1.000000,0.987752
1750,0.999613,1.000000,0.999031
1751,0.880120,1.000000,0.700301
1752,0.996047,1.000000,0.990117
1753,0.999620,1.000000,0.999051
1754,0.711439,0.520000,0.998597
1755,0.996185,1.000000,0.990463
1756,0.995152,1.000000,0.987880
1757,0.710216,0.520000,0.995540
1758,0.996245,1.000000,0.990613
1759,0.545043,0.259259,0.973720
1760,0.999715,1.000000,0.999286
1761,0.554476,0.259259,0.997300
1762,0.555404,0.259259,0.999622
1763,0.996814,1.000000,0.992035
1764,0.615703,0.520000,0.759257
1765,0.999068,1.000000,0.997671
1766,0.999523,1.000000,0.998808
1767,0.997443,1.000000,0.993608
1768,0.923257,1.000000,0.808142
1769,0.988193,1.000000,0.970482
1770,0.999734,1.000000,0.999335
1771,0.995946,1.000000,0.989864
1772,0.973783,1.000000,0.934458
1773,0.917365,1.000000,0.793413
1774,0.997322,1.000000,0.993306
1775,0.999887,1.000000,0.999719
1776,0.999346,1.000000,0.998364
1777,0.550298,0.259259,0.986856
1778,0.988334,1.000000,0.970836
1779,0.984629,1.000000,0.961572
1780,0.991617,1.000000,0.979043
1781,0.465155,0.259259,0.773998
1782,0.894516,1.000000,0.736291
1783,0.999779,1.000000,0.999448
1784,0.992954,1.000000,0.982386
1785,0.909458,1.000000,0.773645
1786,0.998760,1.000000,0.996901
1787,0.991535,1.000000,0.978837
1788,0.907539,1.000000,0.768847
1789,0.991489,1.000000,0.978722
1790,0.996574,1.000000,0.991436
1791,0.999804,1.000000,0.999510
1792,0.999397,1.000000,0.998493
1793,0.990983,1.000000,0.977457
1794,0.998121,1.000000,0.995303
1795,0.999062,1.000000,0.997654
1796,0.998786,1.000000,0.996965
1797,0.554800,0.259259,0.998111
1798,0.999533,1.000000,0.998832
1799,0.999948,1.000000,0.999871
1800,0.993310,1.000000,0.983276
1801,0.996346,1.000000,0.990866
1802,0.990598,1.000000,0.976496
1803,0.996784,1.000000,0.991960
1804,0.711732,0.520000,0.999331
1805,0.910646,1.000000,0.776614
1806,0.550286,0.259259,0.986827
1807,0.906590,1.000000,0.766474
1808,0.997614,1.000000,0.994034
1809,0.999960,1.000000,0.999901
1810,0.555207,0.259259,0.999129
1811,0.997019,1.000000,0.992548
1812,0.992278,1.000000,0.980695
1813,0.997443,1.000000,0.993607
1814,0.902761,1.000000,0.756902
1815,0.999838,1.000000,0.999596
1816,0.995716,1.000000,0.989291
1817,0.998892,1.000000,0.997230
1818,0.999669,1.000000,0.999172
1819,0.420819,0.259259,0.663158
1820,0.998539,1.000000,0.996348
1821,0.551271,0.259259,0.989288
1822,0.555420,0.259259,0.999660
1823,0.674409,0.464286,0.989593
1824,0.998745,1.000000,0.996863
1825,0.997157,1.000000,0.992892
1826,0.613774,0.520000,0.754436
1827,0.999757,1.000000,0.999392
1828,0.981034,1.000000,0.952586
1829,0.954065,1.000000,0.885162
1830,0.467701,0.259259,0.780363
1831,0.688190,0.520000,0.940474
1832,0.998891,1.000000,0.997227
1833,0.992168,1.000000,0.980420
1834,0.992470,1.000000,0.981175
1835,0.981968,1.000000,0.954919
1836,0.628344,0.448276,0.898446
1837,0.660410,0.448276,0.978612
1838,0.989750,1.000000,0.974374
1839,0.995594,1.000000,0.988986
1840,0.999724,1.000000,0.999311
1841,0.921052,1.000000,0.802629
1842,0.992998,1.000000,0.982495
1843,0.999278,1.000000,0.998194
1844,0.618222,0.520000,0.765554
1845,0.994025,1.000000,0.985062
1846,0.999721,1.000000,0.999302
1847,0.999973,1.000000,0.999932
1848,0.552754,0.259259,0.992996
1849,0.992447,1.000000,0.981116
1850,0.955116,1.000000,0.887789
1851,0.894676,1.000000,0.736691
1852,0.992277,1.000000,0.980693
1853,0.912833,1.000000,0.782082
1854,0.991112,1.000000,0.977781
1855,0.999942,1.000000,0.999856
1856,0.990639,1.000000,0.976597
1857,0.545134,0.259259,0.973946
1858,0.999718,1.000000,0.999294
1859,0.677043,0.464286,0.996180
1860,0.999345,1.000000,0.998362
1861,0.999177,1.000000,0.997944
1862,0.991863,1.000000,0.979657
1863,0.912255,1.000000,0.780638
1864,0.902765,1.000000,0.756912
1865,0.675890,0.464286,0.993297
1866,0.554827,0.259259,0.998178
1867,0.893995,1.000000,0.734986
1868,0.847927,1.000000,0.619818
1869,0.934289,1.000000,0.835722
1870,0.706639,0.520000,0.986597
1871,0.553110,0.259259,0.993887
1872,0.960821,1.000000,0.902052
1873,0.554966,0.259259,0.998526
1874,0.480339,0.259259,0.811959
1875,0.983286,1.000000,0.958216
1876,0.912245,1.000000,0.780612
1877,0.925960,1.000000,0.814901
1878,0.992778,1.000000,0.981944
1879,0.614808,0.520000,0.757019
1880,0.911659,1.000000,0.779148
1881,0.540034,0.259259,0.961196
1882,0.999029,1.000000,0.997572
1883,0.485410,0.259259,0.824636
1884,0.997277,1.000000,0.993192
1885,0.640838,0.520000,0.822095
1886,0.555190,0.259259,0.999085
1887,0.458502,0.259259,0.757366
1888,0.944616,1.000000,0.861541
1889,0.997210,1.000000,0.993025
1890,0.555491,0.259259,0.999838
1891,0.992429,1.000000,0.981072
1892,0.536250,0.259259,0.951737
1893,0.927257,1.000000,0.818142
1894,0.912868,1.000000,0.782171
1895,0.913462,1.000000,0.783655
1896,0.848874,1.000000,0.622185
1897,0.879422,1.000000,0.698554
1898,0.665644,0.448276,0.991697
1899,0.992874,1.000000,0.982185
1900,0.555351,0.259259,0.999487
1901,0.898853,1.000000,0.747133
1902,0.999859,1.000000,0.999648
1903,0.902119,1.000000,0.755298
1904,0.994649,1.000000,0.986623
1905,0.998806,1.000000,0.997016
1906,0.999215,1.000000,0.998037
1907,0.992489,1.000000,0.981223
1908,0.999673,1.000000,0.999182
1909,0.996671,1.000000,0.991679
1910,0.999799,1.000000,0.999498
1911,0.999731,1.000000,0.999327
1912,0.993268,1.000000,0.983169
1913,0.914694,1.000000,0.786734
1914,0.706054,0.520000,0.985136
1915,0.960955,1.000000,0.902389
1916,0.999320,1.000000,0.998301
1917,0.902524,1.000000,0.756311
1918,0.470104,0.259259,0.786372
1919,0.553665,0.259259,0.995274
1920,0.704672,0.520000,0.981679
1921,0.484694,0.259259,0.822846
1922,0.476912,0.259259,0.803390
1923,0.912450,1.000000,0.781124
1924,0.999669,1.000000,0.999174
1925,0.986694,1.000000,0.966734
1926,0.550068,0.259259,0.986281
1927,0.613171,0.520000,0.752929
1928,0.999901,1.000000,0.999753
1929,0.998661,1.000000,0.996652
1930,0.999377,1.000000,0.998441
1931,0.999659,1.000000,0.999148
1932,0.995505,1.000000,0.988763
1933,0.947083,1.000000,0.867707
1934,0.599858,0.520000,0.719646
1935,0.621818,0.520000,0.774544
1936,0.998898,1.000000,0.997246
1937,0.999400,1.000000,0.998499
1938,0.990226,1.000000,0.975566
1939,0.711021,0.520000,0.997552
1940,0.999708,1.000000,0.999270
1941,0.999565,1.000000,0.998913
1942,0.711936,0.520000,0.999839
1943,0.914063,1.000000,0.785157
1944,0.964668,1.000000,0.911670
1945,0.913985,1.000000,0.784962
1946,0.999399,1.000000,0.998497
1947,0.998821,1.000000,0.997054
1948,0.553639,0.259259,0.995210
1949,0.902985,1.000000,0.757463
1950,0.994789,1.000000,0.986973
1951,0.555368,0.259259,0.999530
1952,0.910095,1.000000,0.775238
1953,0.945562,1.000000,0.863904
1954,0.711788,0.520000,0.999469
1955,0.920836,1.000000,0.802089
1956,0.555529,0.259259,0.999934
1957,0.906081,1.000000,0.765203
1958,0.999324,1.000000,0.998311
1959,0.998502,1.000000,0.996254
1960,0.991818,1.000000,0.979545
1961,0.996549,1.000000,0.991372
1962,0.999883,1.000000,0.999708
1963,0.909435,1.000000,0.773588
1964,0.912887,1.000000,0.782217
1965,0.988124,1.000000,0.970311
1966,0.998798,1.000000,0.996995
1967,0.992042,1.000000,0.980105
1968,0.702495,0.520000,0.976238
1969,0.999898,1.000000,0.999746
1970,0.905936,1.000000,0.764839
1971,0.997954,1.000000,0.994885
1972,0.555021,0.259259,0.998664
1973,0.932987,1.000000,0.832467
1974,0.532201,0.259259,0.941615
1975,0.708115,0.520000,0.990288
1976,0.998645,1.000000,0.996613
1977,0.867371,1.000000,0.668427
1978,0.551834,0.259259,0.990697
1979,0.817598,1.000000,0.543996
1980,0.553638,0.259259,0.995207
1981,0.711381,0.520000,0.998452
1982,0.995582,1.000000,0.988955
1983,0.999823,1.000000,0.999556
1984,0.998941,1.000000,0.997353
1985,0.998531,1.000000,0.996328
1986,0.959012,1.000000,0.897531
1987,0.555518,0.259259,0.999907
1988,0.998812,1.000000,0.997031
1989,0.913945,1.000000,0.784862
1990,0.998284,1.000000,0.995710
1991,0.463389,0.259259,0.769583
1992,0.900408,1.000000,0.751020
1993,0.912222,1.000000,0.780555
1994,0.975556,1.000000,0.938890
1995,0.555189,0.259259,0.999084
1996,0.998494,1.000000,0.996236
1997,0.999676,1.000000,0.999190
1998,0.906216,1.000000,0.765539
1999,0.863142,1.000000,0.657856
2000,0.613392,0.520000,0.753481
