eval,fitness
1,0.586101
2,0.590573
3,0.552789
4,0.995401
5,0.995401
6,0.846643
7,0.696401
8,0.586101
9,0.995401
10,0.552789
11,0.995401
12,0.794305
13,0.694646
14,0.995401
15,0.552789
16,0.586101
17,0.696401
18,0.654006
19,0.995401
20,0.971636
21,0.995401
22,0.995401
23,0.995401
24,0.995401
25,0.995401
26,0.586926
27,0.876229
28,0.540824
29,0.590573
30,0.995401
31,0.971636
32,0.788546
33,0.654006
34,0.590573
35,0.590973
36,0.593027
37,0.696401
38,0.971636
39,0.590573
40,0.995401
41,0.995401
42,0.995401
43,0.995401
44,0.995401
45,0.552789
46,0.995401
47,0.552789
48,0.552789
49,0.552789
50,0.590973
51,0.606215
52,0.788546
53,0.552789
54,0.744330
55,0.995401
56,0.565250
57,0.971636
58,0.995401
59,0.995401
60,0.995401
61,0.995401
62,0.995401
63,0.995401
64,0.995401
65,0.552789
66,0.909676
67,0.552789
68,0.619822
69,0.744330
70,0.552789
71,0.552789
72,0.846643
73,0.606215
74,0.565250
75,0.888889
76,0.552789
77,0.606215
78,0.995401
79,0.995401
80,0.995401
81,0.995401
82,0.995401
83,0.995401
84,0.552789
85,0.995401
86,0.552789
87,0.971636
88,0.635441
89,0.552789
90,0.552789
91,1.000000
92,0.696401
93,0.794305
94,0.590573
95,0.586101
96,0.586101
97,0.995401
98,0.552789
99,0.995401
100,0.995401
101,0.995401
102,0.995401
103,0.696401
104,0.909676
105,0.552789
106,0.995401
107,0.995401
108,0.606215
109,0.552789
110,0.552789
111,0.619822
112,0.794305
113,0.788546
114,0.888889
115,0.586101
116,1.000000
117,0.995401
118,0.995401
119,0.995401
120,0.590973
121,0.995401
122,0.995401
123,0.995401
124,0.552789
125,0.590573
126,0.995401
127,0.696401
128,0.995401
129,0.586926
130,0.888889
131,0.696401
132,0.606215
133,0.552789
134,0.540824
135,1.000000
136,0.995401
137,0.995401
138,0.552789
139,0.995401
140,0.995401
141,0.586926
142,0.995401
143,0.744330
144,0.606215
145,0.995401
146,0.971636
147,0.744330
148,0.552789
149,0.846643
150,0.696401
151,0.794305
152,0.788546
153,0.995401
154,0.995401
155,0.995401
156,0.552789
157,0.995401
158,0.552789
159,0.995401
160,0.540824
161,0.552789
162,0.565250
163,0.876229
164,0.980434
165,0.552789
166,0.552789
167,0.586101
168,0.540824
169,0.794305
170,0.788546
171,1.000000
172,0.995401
173,0.995401
174,0.552789
175,0.995401
176,0.590573
177,0.995401
178,0.995401
179,0.995401
180,0.552789
181,0.995401
182,0.552789
183,0.696401
184,0.552789
185,0.552789
186,0.552789
187,0.995401
188,0.995401
189,0.888889
190,0.995401
191,0.995401
192,0.552789
193,0.995401
194,0.995401
195,0.552789
196,0.995401
197,0.744330
198,0.590573
199,0.995401
200,0.971636
201,0.552789
202,0.565250
203,0.744330
204,0.552789
205,0.586101
206,0.619822
207,0.995401
208,0.995401
209,0.995401
210,0.552789
211,0.995401
212,0.995401
213,0.696401
214,0.995401
215,0.995401
216,0.552789
217,0.876229
218,0.971636
219,0.995401
220,0.590573
221,0.696401
222,0.909676
223,0.888889
224,0.635441
225,1.000000
226,0.995401
227,0.995401
228,0.552789
229,0.995401
230,0.696401
231,0.995401
232,0.552789
233,0.555556
234,0.590573
235,0.971636
236,0.971636
237,0.794305
238,0.565250
239,0.744330
240,0.552789
241,0.696401
242,0.696401
243,0.995401
244,0.995401
245,0.995401
246,0.995401
247,0.995401
248,0.995401
249,0.696401
250,0.995401
251,0.909676
252,0.586101
253,0.971636
254,0.971636
255,0.846643
256,0.971636
257,0.971636
258,0.971636
259,0.696401
260,0.846643
261,1.000000
262,0.552789
263,0.995401
264,0.552789
265,0.995401
266,0.995401
267,0.995401
268,0.552789
269,0.586101
270,0.995401
271,0.876229
272,0.971636
273,0.552789
274,0.995401
275,0.696401
276,0.606215
277,0.888889
278,1.000000
279,0.995401
280,0.995401
281,0.995401
282,0.995401
283,0.590573
284,0.696401
285,0.586101
286,0.590973
287,0.552789
288,0.888889
289,0.552789
290,0.971636
291,0.694646
292,0.696401
293,0.909676
294,0.995401
295,0.995401
296,0.995401
297,0.995401
298,0.552789
299,0.995401
300,0.995401
301,0.995401
302,0.586101
303,0.744330
304,0.995401
305,0.995401
306,0.971636
307,0.971636
308,0.971636
309,0.586101
310,0.744330
311,0.552789
312,1.000000
313,0.995401
314,0.995401
315,0.552789
316,0.995401
317,0.995401
318,0.995401
319,0.586926
320,0.995401
321,0.586101
322,0.995401
323,0.971636
324,0.971636
325,0.694646
326,0.971636
327,0.971636
328,0.971636
329,1.000000
330,0.995401
331,0.995401
332,0.552789
333,0.606215
334,0.995401
335,0.696401
336,0.995401
337,0.619822
338,0.552789
339,0.995401
340,0.552789
341,0.590573
342,0.995401
343,0.995401
344,0.586101
345,0.909676
346,1.000000
347,0.995401
348,0.995401
349,0.995401
350,0.995401
351,0.552789
352,0.995401
353,0.995401
354,0.586101
355,0.590573
356,0.971636
357,0.552789
358,0.606215
359,0.606215
360,0.971636
361,0.696401
362,0.606215
363,1.000000
364,0.995401
365,0.995401
366,0.995401
367,0.995401
368,0.995401
369,0.696401
370,0.696401
371,0.909676
372,0.995401
373,0.552789
374,0.971636
375,0.654006
376,0.788546
377,0.586101
378,0.744330
379,0.590573
380,1.000000
381,0.995401
382,0.995401
383,0.995401
384,0.606215
385,0.995401
386,0.995401
387,0.995401
388,0.909676
389,0.552789
390,0.995401
391,0.552789
392,0.794305
393,0.565250
394,0.995401
395,0.606215
396,1.000000
397,0.995401
398,0.995401
399,0.552789
400,0.995401
401,0.927421
402,0.995401
403,0.552789
404,0.696401
405,0.995401
406,0.995401
407,0.909676
408,0.606215
409,0.590573
410,0.846643
411,0.995401
412,1.000000
413,0.995401
414,0.586101
415,0.552789
416,0.606215
417,0.590573
418,0.696401
419,0.696401
420,0.590573
421,0.586101
422,0.995401
423,0.971636
424,0.971636
425,0.540824
426,0.971636
427,0.540824
428,1.000000
429,0.995401
430,0.995401
431,0.552789
432,0.995401
433,0.995401
434,0.995401
435,0.995401
436,0.995401
437,0.590573
438,0.876229
439,0.971636
440,0.995401
441,0.540824
442,0.971636
443,0.971636
444,1.000000
445,0.995401
446,0.995401
447,0.552789
448,0.995401
449,0.995401
450,0.696401
451,0.552789
452,0.590573
453,0.696401
454,0.995401
455,0.971636
456,0.590573
457,0.565250
458,0.586101
459,0.995401
460,1.000000
461,0.995401
462,0.586101
463,0.995401
464,0.995401
465,0.995401
466,0.995401
467,0.606215
468,0.909676
469,0.590973
470,0.995401
471,0.586101
472,0.552789
473,0.995401
474,0.995401
475,0.995401
476,1.000000
477,0.995401
478,0.995401
479,0.552789
480,0.995401
481,0.995401
482,0.995401
483,0.995401
484,0.995401
485,0.995401
486,0.995401
487,0.971636
488,0.995401
489,0.971636
490,0.971636
491,0.971636
492,1.000000
493,0.995401
494,0.586101
495,0.552789
496,0.552789
497,0.995401
498,0.696401
499,0.696401
500,0.995401
